startup_name,technology,qid,score
HumanLayer,Artificial intelligence,Q11660,100.0
Ember Copilot,Artificial intelligence,Q11660,100.0
Ryvn,Cloud computing,Q483639,100.0
Fix AI,Artificial intelligence,Q11660,100.0
Andoria,Artificial intelligence,Q11660,100.0
PearAI,Artificial intelligence,Q11660,100.0
Symphony,Artificial intelligence,Q11660,100.0
Gait,Artificial intelligence,Q11660,100.0
OpenFunnel,Artificial intelligence,Q11660,100.0
Raycaster,Artificial intelligence,Q11660,100.0
Lightscreen AI,Artificial intelligence,Q11660,100.0
supercontrast,Data science,Q2374463,100.0
Revyl,Artificial intelligence,Q11660,100.0
Sandra AI,Artificial intelligence,Q11660,100.0
Sandra AI,Data science,Q2374463,100.0
Circlemind,Artificial intelligence,Q11660,100.0
issen,Artificial intelligence,Q11660,100.0
Sphinx,Artificial intelligence,Q11660,100.0
Replexica,Artificial intelligence,Q11660,100.0
Codebuff,Artificial intelligence,Q11660,100.0
BeerMe,Blockchain,Q20514253,100.0
HYBRD,Artificial intelligence,Q11660,100.0
HYBRD,Wearable technology,Q4845080,100.0
vly.ai,Artificial intelligence,Q11660,100.0
CollectWise,Artificial intelligence,Q11660,100.0
Fresco,Artificial intelligence,Q11660,100.0
Scrapybara,Artificial intelligence,Q11660,100.0
Innate,Artificial intelligence,Q11660,100.0
Innate,Robotics,Q170978,100.0
Bramble,Artificial intelligence,Q11660,100.0
DreamRP,Artificial intelligence,Q11660,100.0
Melty,Artificial intelligence,Q11660,100.0
Merlin AI,Artificial intelligence,Q11660,100.0
Midship,Artificial intelligence,Q11660,100.0
Kairo Health,Artificial intelligence,Q11660,100.0
Poka Labs,Artificial intelligence,Q11660,100.0
Cracked,Artificial intelligence,Q11660,100.0
Evolvere BioSciences,Artificial intelligence,Q11660,100.0
Ligo Biosciences,Artificial intelligence,Q11660,100.0
Ligo Biosciences,Sustainable energy,Q1962383,100.0
Ultra,Artificial intelligence,Q11660,100.0
Ultra,Robotics,Q170978,100.0
ÃngstrÃ¶m AI,Artificial intelligence,Q11660,100.0
Miru,Robotics,Q170978,100.0
Apten,Artificial intelligence,Q11660,100.0
Domu Technology Inc.,Artificial intelligence,Q11660,100.0
Ceejay,Artificial intelligence,Q11660,100.0
Cheers,Artificial intelligence,Q11660,100.0
Superunit,Artificial intelligence,Q11660,100.0
Ply Health,Artificial intelligence,Q11660,100.0
Mem0,Artificial intelligence,Q11660,100.0
Comfy Deploy,Artificial intelligence,Q11660,100.0
Saphira AI,Artificial intelligence,Q11660,100.0
ProhostAI,Artificial intelligence,Q11660,100.0
Codes Health,Artificial intelligence,Q11660,100.0
Entangl,Artificial intelligence,Q11660,100.0
Unsloth AI,Artificial intelligence,Q11660,100.0
DigitalCarbon,Artificial intelligence,Q11660,100.0
DigitalCarbon,Virtual reality,Q170519,100.0
Flyflow,Artificial intelligence,Q11660,100.0
Bayesline,Artificial intelligence,Q11660,100.0
VideoGen,Artificial intelligence,Q11660,100.0
Wordware,Artificial intelligence,Q11660,100.0
Moonglow,Artificial intelligence,Q11660,100.0
Moonglow,Cloud computing,Q483639,100.0
Moonglow,Data science,Q2374463,100.0
FirstWork,Artificial intelligence,Q11660,100.0
Sorcerer,Artificial intelligence,Q11660,100.0
ideate.xyz,Artificial intelligence,Q11660,100.0
Azalea Robotics Corporation,Artificial intelligence,Q11660,100.0
Azalea Robotics Corporation,Robotics,Q170978,100.0
Kura,Artificial intelligence,Q11660,100.0
Kura,Cloud computing,Q483639,100.0
NetworkOcean,Artificial intelligence,Q11660,100.0
Aviary,Data science,Q2374463,100.0
Zuni,Artificial intelligence,Q11660,100.0
Proxis,Artificial intelligence,Q11660,100.0
Rewbi,Artificial intelligence,Q11660,100.0
reworks,Artificial intelligence,Q11660,100.0
Storia AI,Artificial intelligence,Q11660,100.0
Elevate,Artificial intelligence,Q11660,100.0
Dodo,Artificial intelligence,Q11660,100.0
Parahelp,Artificial intelligence,Q11660,100.0
CodeViz,Artificial intelligence,Q11660,100.0
Passage,Artificial intelligence,Q11660,100.0
Snowpilot,Artificial intelligence,Q11660,100.0
Snowpilot,Data science,Q2374463,100.0
MinusX,Artificial intelligence,Q11660,100.0
MinusX,Data science,Q2374463,100.0
camfer,Artificial intelligence,Q11660,100.0
Weave Robotics,Robotics,Q170978,100.0
AminoAnalytica,Artificial intelligence,Q11660,100.0
stormy.ai,Artificial intelligence,Q11660,100.0
Merse,Artificial intelligence,Q11660,100.0
AutoPallet Robotics,Robotics,Q170978,100.0
Pulse AI,Artificial intelligence,Q11660,100.0
LedgerUp,Data science,Q2374463,100.0
dmodel,Artificial intelligence,Q11660,100.0
Lighthouz AI,Artificial intelligence,Q11660,100.0
Substrate,Artificial intelligence,Q11660,100.0
Zenbase AI,Artificial intelligence,Q11660,100.0
Zenbase AI,Prompt engineering,Q108941486,100.0
Fazeshift,Artificial intelligence,Q11660,100.0
Benchify,Artificial intelligence,Q11660,100.0
Anthrogen,Gene therapy,Q213901,100.0
Parity,Artificial intelligence,Q11660,100.0
Kastle,Artificial intelligence,Q11660,100.0
Conveo,Artificial intelligence,Q11660,100.0
Manaflow,Artificial intelligence,Q11660,100.0
Panora,Artificial intelligence,Q11660,100.0
expand.ai,Artificial intelligence,Q11660,100.0
Saturn,Artificial intelligence,Q11660,100.0
MagiCode,Artificial intelligence,Q11660,100.0
Unriddle,Artificial intelligence,Q11660,100.0
Lumenary,Artificial intelligence,Q11660,100.0
Lumenary,Data science,Q2374463,100.0
Redouble AI,Artificial intelligence,Q11660,100.0
Drillbit,Artificial intelligence,Q11660,100.0
deepsilicon,Artificial intelligence,Q11660,100.0
Seals AI,Data science,Q2374463,100.0
Autumn Labs,Robotics,Q170978,100.0
Conductor Quantum,Artificial intelligence,Q11660,100.0
Conductor Quantum,Quantum computing,Q17995793,100.0
Guardian AI,Artificial intelligence,Q11660,100.0
Modern Realty,Artificial intelligence,Q11660,100.0
Distro,Artificial intelligence,Q11660,100.0
Zeit AI,Artificial intelligence,Q11660,100.0
Ember Robotics,Robotics,Q170978,100.0
Mineflow,Artificial intelligence,Q11660,100.0
Parley,Artificial intelligence,Q11660,100.0
SchemeFlow,Artificial intelligence,Q11660,100.0
Praxos,Artificial intelligence,Q11660,100.0
Cerulion,Robotics,Q170978,100.0
Laminar,Prompt engineering,Q108941486,100.0
Sensei,Robotics,Q170978,100.0
Simple AI,Artificial intelligence,Q11660,100.0
Palmier,Artificial intelligence,Q11660,100.0
Lilac Labs,Artificial intelligence,Q11660,100.0
Cartage,Artificial intelligence,Q11660,100.0
Winford AI,Artificial intelligence,Q11660,100.0
Baseline AI,Data science,Q2374463,100.0
Odo,Artificial intelligence,Q11660,100.0
Haystack Software,Artificial intelligence,Q11660,100.0
Rescript,Artificial intelligence,Q11660,100.0
Dataleap,Artificial intelligence,Q11660,100.0
ZeroPath,Artificial intelligence,Q11660,100.0
Argil,Artificial intelligence,Q11660,100.0
Vendra,Artificial intelligence,Q11660,100.0
Propaya,Artificial intelligence,Q11660,100.0
autarc,Sustainable energy,Q1962383,100.0
Simplifine,Artificial intelligence,Q11660,100.0
Simplifine,Data science,Q2374463,100.0
Focus Buddy,Artificial intelligence,Q11660,100.0
Weavel,Artificial intelligence,Q11660,100.0
Weavel,Prompt engineering,Q108941486,100.0
Rastro,Artificial intelligence,Q11660,100.0
Voker,Artificial intelligence,Q11660,100.0
pap!,Artificial intelligence,Q11660,100.0
Mindely,Artificial intelligence,Q11660,100.0
TradeFlow,Artificial intelligence,Q11660,100.0
Oway,Data science,Q2374463,100.0
Bucket Robotics,Robotics,Q170978,100.0
Saldor,Artificial intelligence,Q11660,100.0
Usul,Artificial intelligence,Q11660,100.0
"Diode Computers, Inc.",Artificial intelligence,Q11660,100.0
AI Sell,Artificial intelligence,Q11660,100.0
et al.,Artificial intelligence,Q11660,100.0
Pharos,Artificial intelligence,Q11660,100.0
Vera Health,Artificial intelligence,Q11660,100.0
Pipeshift,Artificial intelligence,Q11660,100.0
Pipeshift,Robotics,Q170978,100.0
RowBoat Labs,Artificial intelligence,Q11660,100.0
Henry,Artificial intelligence,Q11660,100.0
Hey Revia,Artificial intelligence,Q11660,100.0
Anglera,Artificial intelligence,Q11660,100.0
Felafax,Artificial intelligence,Q11660,100.0
Void,Artificial intelligence,Q11660,100.0
Capitol AI,Artificial intelligence,Q11660,100.0
Overlap,Artificial intelligence,Q11660,100.0
Patched,Artificial intelligence,Q11660,100.0
Mica AI,Artificial intelligence,Q11660,100.0
Affil.ai,Artificial intelligence,Q11660,100.0
Arva AI,Artificial intelligence,Q11660,100.0
Legionfarm,Virtual reality,Q170519,100.0
Menten AI,Artificial intelligence,Q11660,100.0
Menten AI,Quantum computing,Q17995793,100.0
Clayboard,Artificial intelligence,Q11660,100.0
Pashi,Robotics,Q170978,100.0
LabGrid,Data science,Q2374463,100.0
Dropprint Genomics,Data science,Q2374463,100.0
Typedream,Artificial intelligence,Q11660,100.0
delt.ai,Artificial intelligence,Q11660,100.0
Genecis Bio,Robotics,Q170978,100.0
Milo,Artificial intelligence,Q11660,100.0
Teleo,Robotics,Q170978,100.0
StratumAI,Artificial intelligence,Q11660,100.0
Segmed,Artificial intelligence,Q11660,100.0
Letterdrop,Artificial intelligence,Q11660,100.0
Explo,Data science,Q2374463,100.0
Perceptive Technologies,Artificial intelligence,Q11660,100.0
Perceptive Technologies,Robotics,Q170978,100.0
Dashworks,Artificial intelligence,Q11660,100.0
Replicate,Data science,Q2374463,100.0
Paymobil,Blockchain,Q20514253,100.0
Operator Labs,Artificial intelligence,Q11660,100.0
Operator Labs,Blockchain,Q20514253,100.0
Tienda Crypto,Blockchain,Q20514253,100.0
Altay Therapeutics,Artificial intelligence,Q11660,100.0
Turing Labs Inc.,Artificial intelligence,Q11660,100.0
QueryPie,Cloud computing,Q483639,100.0
Dropbase,Artificial intelligence,Q11660,100.0
Vital,Wearable technology,Q4845080,100.0
PostEra,Artificial intelligence,Q11660,100.0
PostEra,Data science,Q2374463,100.0
DeepSource,Artificial intelligence,Q11660,100.0
Flasho,Artificial intelligence,Q11660,100.0
Daedalus,Robotics,Q170978,100.0
Oda,Artificial intelligence,Q11660,100.0
SOMATIC,Robotics,Q170978,100.0
BeGo,Data science,Q2374463,100.0
Recall.ai,Artificial intelligence,Q11660,100.0
Atmo,Artificial intelligence,Q11660,100.0
Tasker ai,Artificial intelligence,Q11660,100.0
Gather,Virtual reality,Q170519,100.0
Multis,Blockchain,Q20514253,100.0
Tensil,Artificial intelligence,Q11660,100.0
Tensil,Data science,Q2374463,100.0
Tensil,Robotics,Q170978,100.0
Palifer,Artificial intelligence,Q11660,100.0
Playground,Artificial intelligence,Q11660,100.0
Shiru,Artificial intelligence,Q11660,100.0
Heroic Story,Artificial intelligence,Q11660,100.0
violet,Artificial intelligence,Q11660,100.0
BODYSIM by Well Principled,Digital twin,Q25099680,100.0
Kraftful,Artificial intelligence,Q11660,100.0
Lucid Bots,Robotics,Q170978,100.0
TRM Labs,Blockchain,Q20514253,100.0
Soteris,Artificial intelligence,Q11660,100.0
AudioFocus,Data science,Q2374463,100.0
Yummy Future,Robotics,Q170978,100.0
Zeta Surgical,Robotics,Q170978,100.0
Rosebud AI,Artificial intelligence,Q11660,100.0
Wasmer,Cloud computing,Q483639,100.0
Wasmer,WebAssembly,Q20155677,100.0
EARTH AI,Artificial intelligence,Q11660,100.0
Ramen VR,Augmented reality,Q254183,100.0
Tranqui Finanzas,Data science,Q2374463,100.0
Freshpaint,Data science,Q2374463,100.0
Deepnote,Data science,Q2374463,100.0
treble.ai,Artificial intelligence,Q11660,100.0
Blockstamp,Robotics,Q170978,100.0
Vorticity,Robotics,Q170978,100.0
Taskade,Artificial intelligence,Q11660,100.0
Modoo Technology,Wearable technology,Q4845080,100.0
Pengram,Augmented reality,Q254183,100.0
Green Energy Exchange,Sustainable energy,Q1962383,100.0
Adventurous Co,Augmented reality,Q254183,100.0
Simmer,Data science,Q2374463,100.0
ResistanceBio,Artificial intelligence,Q11660,100.0
Maitian.ai,Artificial intelligence,Q11660,100.0
AuroraQ,Quantum computing,Q17995793,100.0
AuroraQ,Robotics,Q170978,100.0
Tailor-ED,Artificial intelligence,Q11660,100.0
Spiral Genetics,Data science,Q2374463,100.0
Geosite,Data science,Q2374463,100.0
Geosite,Spatial computing,Q85802496,100.0
Shiok Meats,Cultured meat,Q611909,100.0
Allure Systems,Artificial intelligence,Q11660,100.0
Overview,Artificial intelligence,Q11660,100.0
Trexo Robotics,Robotics,Q170978,100.0
Taobotics,Robotics,Q170978,100.0
Intelline,Robotics,Q170978,100.0
Centaur Labs,Artificial intelligence,Q11660,100.0
Sorting Robotics,Robotics,Q170978,100.0
BrainKey,Artificial intelligence,Q11660,100.0
LEAH Labs,Gene therapy,Q213901,100.0
LEAH Labs,Stem-cell therapy,Q1533033,100.0
PatternFast,Artificial intelligence,Q11660,100.0
Community Phone Company,Cloud computing,Q483639,100.0
GoLinks,Artificial intelligence,Q11660,100.0
WeatherCheck,Data science,Q2374463,100.0
Sapling.ai,Artificial intelligence,Q11660,100.0
Avo,Data science,Q2374463,100.0
Atomic Alchemy,Robotics,Q170978,100.0
Probably Genetic,Data science,Q2374463,100.0
Bunkerhill Health,Artificial intelligence,Q11660,100.0
Handle.com,Artificial intelligence,Q11660,100.0
Alpaca,Blockchain,Q20514253,100.0
Globe,Blockchain,Q20514253,100.0
"OutRival, Inc.",Artificial intelligence,Q11660,100.0
rct AI,Artificial intelligence,Q11660,100.0
rct AI,Virtual reality,Q170519,100.0
Aesthetic,Artificial intelligence,Q11660,100.0
Momentus,Robotics,Q170978,100.0
Kunduz,Artificial intelligence,Q11660,100.0
INKHUNTER,Augmented reality,Q254183,100.0
Perception Biosystems,Gene therapy,Q213901,100.0
OWNY,Artificial intelligence,Q11660,100.0
OWNY,Blockchain,Q20514253,100.0
"numericcal, inc.",Data science,Q2374463,100.0
Activeloop,Artificial intelligence,Q11660,100.0
Activeloop,Data science,Q2374463,100.0
Inscribe,Artificial intelligence,Q11660,100.0
JITX,Robotics,Q170978,100.0
AskMyClass,Artificial intelligence,Q11660,100.0
Hepatx,Stem-cell therapy,Q1533033,100.0
Ixora,Augmented reality,Q254183,100.0
Pocket Worlds,Virtual reality,Q170519,100.0
Corvus Robotics,Robotics,Q170978,100.0
Rain Neuromorphics,Artificial intelligence,Q11660,100.0
Rain Neuromorphics,Robotics,Q170978,100.0
Tenderd,Data science,Q2374463,100.0
Four Growers,Robotics,Q170978,100.0
Kobo360,Artificial intelligence,Q11660,100.0
Kobo360,Data science,Q2374463,100.0
Helicarrier (prev Buycoins),Blockchain,Q20514253,100.0
Mutiny,Data science,Q2374463,100.0
Synkrino Biotherapeutics,Artificial intelligence,Q11660,100.0
Leena AI,Artificial intelligence,Q11660,100.0
SPATE,Artificial intelligence,Q11660,100.0
Bear Flag Robotics,Robotics,Q170978,100.0
Aerones,Robotics,Q170978,100.0
miru,Augmented reality,Q254183,100.0
Vathys,Artificial intelligence,Q11660,100.0
Vathys,Data science,Q2374463,100.0
Vathys,Robotics,Q170978,100.0
Shone,Robotics,Q170978,100.0
Ben,Blockchain,Q20514253,100.0
Hexel,Blockchain,Q20514253,100.0
Sepsis Scout,Wearable technology,Q4845080,100.0
ClearBrain,Data science,Q2374463,100.0
Edwin,Artificial intelligence,Q11660,100.0
Jido Maps,Augmented reality,Q254183,100.0
Jido Maps,Data science,Q2374463,100.0
Sketchbox,Augmented reality,Q254183,100.0
Quantstamp,Blockchain,Q20514253,100.0
Spellbrush,Artificial intelligence,Q11660,100.0
Jasper.ai,Artificial intelligence,Q11660,100.0
Observant,Data science,Q2374463,100.0
CoinTracker,Blockchain,Q20514253,100.0
SRTX,Robotics,Q170978,100.0
Macromoltek,Artificial intelligence,Q11660,100.0
Mighty Buildings,3D printing,Q229367,100.0
Mighty Buildings,Robotics,Q170978,100.0
Persephone Biosciences,Artificial intelligence,Q11660,100.0
Reverie Labs,Artificial intelligence,Q11660,100.0
Plexus,Augmented reality,Q254183,100.0
Supermedium,Augmented reality,Q254183,100.0
Supermedium,Virtual reality,Q170519,100.0
Podcast App,Data science,Q2374463,100.0
Psylaris,Virtual reality,Q170519,100.0
Mojo,Augmented reality,Q254183,100.0
Orangewood Labs,Artificial intelligence,Q11660,100.0
Orangewood Labs,Robotics,Q170978,100.0
Memora Health,Artificial intelligence,Q11660,100.0
Observe.AI,Artificial intelligence,Q11660,100.0
Sunu,Augmented reality,Q254183,100.0
Cambridge Cancer Genomics,Artificial intelligence,Q11660,100.0
Gamelynx,Quantum computing,Q17995793,100.0
Social Construct,Artificial intelligence,Q11660,100.0
NextDrop,Data science,Q2374463,100.0
Escher Reality,Augmented reality,Q254183,100.0
Percept.AI,Artificial intelligence,Q11660,100.0
Headstart,Data science,Q2374463,100.0
Dharma Labs,Blockchain,Q20514253,100.0
Skyways,Artificial intelligence,Q11660,100.0
VergeSense,Data science,Q2374463,100.0
Standard AI,Artificial intelligence,Q11660,100.0
Advano,Nanotechnology,Q11468,100.0
Advano,Sustainable energy,Q1962383,100.0
Rabbet,Data science,Q2374463,100.0
Spect,Artificial intelligence,Q11660,100.0
Airthium,Sustainable energy,Q1962383,100.0
Skyscrape,Robotics,Q170978,100.0
D-ID,Artificial intelligence,Q11660,100.0
Imbue,Artificial intelligence,Q11660,100.0
Faire,Data science,Q2374463,100.0
Entry,Artificial intelligence,Q11660,100.0
Volt Health,Wearable technology,Q4845080,100.0
Arylla,Robotics,Q170978,100.0
Voodoo Manufacturing,3D printing,Q229367,100.0
Voodoo Manufacturing,Robotics,Q170978,100.0
Anasen,Data science,Q2374463,100.0
Arthena,Data science,Q2374463,100.0
Wavy,Augmented reality,Q254183,100.0
Playment,Data science,Q2374463,100.0
Terark,Data science,Q2374463,100.0
Bountiful,Data science,Q2374463,100.0
Sinovia Technologies,Robotics,Q170978,100.0
Ledger Investing,Data science,Q2374463,100.0
Nuvola,Robotics,Q170978,100.0
RankScience,Artificial intelligence,Q11660,100.0
Ambient.ai,Artificial intelligence,Q11660,100.0
Request Network,Blockchain,Q20514253,100.0
AON3D,3D printing,Q229367,100.0
AON3D,Robotics,Q170978,100.0
NanoNets,Artificial intelligence,Q11660,100.0
"Wifi Dabba, Inc.",Blockchain,Q20514253,100.0
Indee Labs,Cancer vaccine,Q2378309,100.0
Indee Labs,Gene therapy,Q213901,100.0
Sense Education,Artificial intelligence,Q11660,100.0
Cellabus,Cloud computing,Q483639,100.0
eduvee,Cloud computing,Q483639,100.0
eduvee,Data science,Q2374463,100.0
Alieo Games,Artificial intelligence,Q11660,100.0
LearnSprout,Data science,Q2374463,100.0
Hapara,Data science,Q2374463,100.0
DeansList,Data science,Q2374463,100.0
Formative,Data science,Q2374463,100.0
AdmitSee,Data science,Q2374463,100.0
Expo,Cloud computing,Q483639,100.0
SmartSite,Cloud computing,Q483639,100.0
Sway Finance,Artificial intelligence,Q11660,100.0
Sway Finance,Data science,Q2374463,100.0
Mosaix.ai,Artificial intelligence,Q11660,100.0
Robby Technologies,Robotics,Q170978,100.0
Seerslab,Augmented reality,Q254183,100.0
Starsky Robotics,Robotics,Q170978,100.0
SkyLights,Augmented reality,Q254183,100.0
SkyLights,Virtual reality,Q170519,100.0
NeoWize,Artificial intelligence,Q11660,100.0
NeoWize,Data science,Q2374463,100.0
CrowdAI,Artificial intelligence,Q11660,100.0
RocketLit,Data science,Q2374463,100.0
Nova Credit,Data science,Q2374463,100.0
OneChronos,Artificial intelligence,Q11660,100.0
Multiply Labs,Robotics,Q170978,100.0
People.ai,Artificial intelligence,Q11660,100.0
People.ai,Data science,Q2374463,100.0
Focal Systems,Artificial intelligence,Q11660,100.0
ConstructVR,Augmented reality,Q254183,100.0
Interstate Analytics,Data science,Q2374463,100.0
Pathmind,Artificial intelligence,Q11660,100.0
AlphaFlow,Data science,Q2374463,100.0
Pulpix,Artificial intelligence,Q11660,100.0
flexEngage,Data science,Q2374463,100.0
Copia,Data science,Q2374463,100.0
Inevitable Tech,Robotics,Q170978,100.0
Netomi,Artificial intelligence,Q11660,100.0
Salt Security,Data science,Q2374463,100.0
Pave,Data science,Q2374463,100.0
Gecko Robotics,Robotics,Q170978,100.0
Gecko Robotics,Sustainable energy,Q1962383,100.0
Quilt Data,Data science,Q2374463,100.0
Boom,Sustainable energy,Q1962383,100.0
Relativity Space,Reusable launch vehicle,Q30128,100.0
Zenysis,Data science,Q2374463,100.0
Qvin,Artificial intelligence,Q11660,100.0
Mux,Data science,Q2374463,100.0
Deepgram,Artificial intelligence,Q11660,100.0
Mason,Wearable technology,Q4845080,100.0
iSono Health,Artificial intelligence,Q11660,100.0
iSono Health,Cloud computing,Q483639,100.0
iSono Health,Data science,Q2374463,100.0
Petcube,Cloud computing,Q483639,100.0
Daily,Artificial intelligence,Q11660,100.0
Marr Labs,Artificial intelligence,Q11660,100.0
Million,Artificial intelligence,Q11660,100.0
getcrux,Artificial intelligence,Q11660,100.0
Blume Benefits,Artificial intelligence,Q11660,100.0
Arcane,Artificial intelligence,Q11660,100.0
Danswer,Artificial intelligence,Q11660,100.0
Lantern,Artificial intelligence,Q11660,100.0
Upsolve AI,Data science,Q2374463,100.0
SciPhi,Artificial intelligence,Q11660,100.0
Scritch,Artificial intelligence,Q11660,100.0
Leya,Artificial intelligence,Q11660,100.0
RadMate AI,Artificial intelligence,Q11660,100.0
ego,Artificial intelligence,Q11660,100.0
PurplePages,Artificial intelligence,Q11660,100.0
Greptile,Artificial intelligence,Q11660,100.0
Ubicloud,Cloud computing,Q483639,100.0
ion design,Prompt engineering,Q108941486,100.0
Kabilah,Artificial intelligence,Q11660,100.0
Momentic,Artificial intelligence,Q11660,100.0
Adagy Robotics,Robotics,Q170978,100.0
Quary,Data science,Q2374463,100.0
"Argon AI, Inc.",Data science,Q2374463,100.0
Mango Health,Artificial intelligence,Q11660,100.0
Buster,Artificial intelligence,Q11660,100.0
Pivot Robotics,Robotics,Q170978,100.0
Leaping,Artificial intelligence,Q11660,100.0
Patchwork,Artificial intelligence,Q11660,100.0
Arini,Artificial intelligence,Q11660,100.0
Roe AI,Artificial intelligence,Q11660,100.0
Roe AI,Data science,Q2374463,100.0
Octolane AI,Artificial intelligence,Q11660,100.0
Artisan,Artificial intelligence,Q11660,100.0
TokenOwl,Artificial intelligence,Q11660,100.0
TokenOwl,Blockchain,Q20514253,100.0
Copper Health,Artificial intelligence,Q11660,100.0
Yoneda Labs,Data science,Q2374463,100.0
OneGrep,Artificial intelligence,Q11660,100.0
Tusk,Artificial intelligence,Q11660,100.0
CloudCruise,Artificial intelligence,Q11660,100.0
Glimmer,Artificial intelligence,Q11660,100.0
Meticulate,Artificial intelligence,Q11660,100.0
Keywords AI,Artificial intelligence,Q11660,100.0
Keywords AI,Prompt engineering,Q108941486,100.0
PromptArmor,Artificial intelligence,Q11660,100.0
Guide Labs,Artificial intelligence,Q11660,100.0
Anaphero,Artificial intelligence,Q11660,100.0
PandasAI,Data science,Q2374463,100.0
Markprompt,Artificial intelligence,Q11660,100.0
Resonance,Artificial intelligence,Q11660,100.0
Firebender,Artificial intelligence,Q11660,100.0
Aedilic,Artificial intelligence,Q11660,100.0
Centralize,Artificial intelligence,Q11660,100.0
phospho,Artificial intelligence,Q11660,100.0
Open,Artificial intelligence,Q11660,100.0
Lytix,Artificial intelligence,Q11660,100.0
Lytix,Data science,Q2374463,100.0
Metofico,Data science,Q2374463,100.0
Ellipsis,Artificial intelligence,Q11660,100.0
CodeAnt AI,Artificial intelligence,Q11660,100.0
PySpur,Artificial intelligence,Q11660,100.0
Superagent,Artificial intelligence,Q11660,100.0
Preloop,Data science,Q2374463,100.0
HostAI,Artificial intelligence,Q11660,100.0
Toma,Artificial intelligence,Q11660,100.0
Trieve,Artificial intelligence,Q11660,100.0
Shiboleth,Artificial intelligence,Q11660,100.0
Soundry AI,Artificial intelligence,Q11660,100.0
Abel,Artificial intelligence,Q11660,100.0
Opencall.ai,Artificial intelligence,Q11660,100.0
Manifold Freight,Artificial intelligence,Q11660,100.0
Centauri AI,Artificial intelligence,Q11660,100.0
Centauri AI,Data science,Q2374463,100.0
Yondu,Artificial intelligence,Q11660,100.0
Yondu,Robotics,Q170978,100.0
ProSights,Artificial intelligence,Q11660,100.0
Lumina,Artificial intelligence,Q11660,100.0
HeartByte,Artificial intelligence,Q11660,100.0
Artos,Data science,Q2374463,100.0
Brainbase,Artificial intelligence,Q11660,100.0
PocketPod,Artificial intelligence,Q11660,100.0
Openmart,Artificial intelligence,Q11660,100.0
Zep AI,Artificial intelligence,Q11660,100.0
Sonauto,Artificial intelligence,Q11660,100.0
Shepherd,Artificial intelligence,Q11660,100.0
Terrakotta,Artificial intelligence,Q11660,100.0
Spark,Sustainable energy,Q1962383,100.0
camelAI,Artificial intelligence,Q11660,100.0
Ocular AI,Artificial intelligence,Q11660,100.0
Rove,Artificial intelligence,Q11660,100.0
DeepNight,Artificial intelligence,Q11660,100.0
Aqua Voice,Artificial intelligence,Q11660,100.0
Basepilot,Artificial intelligence,Q11660,100.0
Basepilot,Robotics,Q170978,100.0
CommodityAI,Artificial intelligence,Q11660,100.0
Fluently,Artificial intelligence,Q11660,100.0
Marblism,Artificial intelligence,Q11660,100.0
Marblism,Prompt engineering,Q108941486,100.0
Magic Hour,Artificial intelligence,Q11660,100.0
Lumona,Artificial intelligence,Q11660,100.0
Senso,Artificial intelligence,Q11660,100.0
OpenFoundry,Artificial intelligence,Q11660,100.0
Junction Bioscience,Artificial intelligence,Q11660,100.0
Tower,Artificial intelligence,Q11660,100.0
Dragoneye,Artificial intelligence,Q11660,100.0
Dragoneye,Data science,Q2374463,100.0
renderlet,WebAssembly,Q20155677,100.0
kater.ai,Artificial intelligence,Q11660,100.0
kater.ai,Data science,Q2374463,100.0
Yarn,Artificial intelligence,Q11660,100.0
Mathos,Artificial intelligence,Q11660,100.0
InspectMind AI,Artificial intelligence,Q11660,100.0
Cofactor Genomics,Cancer vaccine,Q2378309,100.0
Serica,Blockchain,Q20514253,100.0
Shotput,Robotics,Q170978,100.0
Bistrobot,Robotics,Q170978,100.0
Leada,Data science,Q2374463,100.0
Prayas Analytics,Data science,Q2374463,100.0
Reduced Energy Microsystems,Artificial intelligence,Q11660,100.0
Reduced Energy Microsystems,Robotics,Q170978,100.0
Traversal Networks,Data science,Q2374463,100.0
Klarismo,Data science,Q2374463,100.0
Klarismo,Digital twin,Q25099680,100.0
Second Measure,Data science,Q2374463,100.0
Auro Robotics,Artificial intelligence,Q11660,100.0
Auro Robotics,Robotics,Q170978,100.0
teaBOT,Robotics,Q170978,100.0
Teleport,Cloud computing,Q483639,100.0
Scope AR,Augmented reality,Q254183,100.0
Heroic Labs,Data science,Q2374463,100.0
SnapMagic,Artificial intelligence,Q11660,100.0
Tesorio,Artificial intelligence,Q11660,100.0
Thrive Agritech,Artificial intelligence,Q11660,100.0
Verge Genomics,Artificial intelligence,Q11660,100.0
Verge Genomics,Data science,Q2374463,100.0
Plate IQ,Data science,Q2374463,100.0
Nebia,Sustainable energy,Q1962383,100.0
Replika,Artificial intelligence,Q11660,100.0
Mashgin,Artificial intelligence,Q11660,100.0
20n,Data science,Q2374463,100.0
Rescue Forensics,Data science,Q2374463,100.0
CyberFend,Cloud computing,Q483639,100.0
CyberFend,Data science,Q2374463,100.0
Paperspace,Cloud computing,Q483639,100.0
Pachyderm,Data science,Q2374463,100.0
Smarking,Artificial intelligence,Q11660,100.0
YesGraph,Data science,Q2374463,100.0
Yhat,Data science,Q2374463,100.0
Moltin,Cloud computing,Q483639,100.0
SigOpt,Artificial intelligence,Q11660,100.0
Valor Water Analytics,Data science,Q2374463,100.0
Raven Tech,Data science,Q2374463,100.0
Qventus,Artificial intelligence,Q11660,100.0
Akido Labs,Artificial intelligence,Q11660,100.0
Atomwise,Artificial intelligence,Q11660,100.0
Atomwise,Data science,Q2374463,100.0
Democracy Earth,Blockchain,Q20514253,100.0
Zeitview,Artificial intelligence,Q11660,100.0
Zeitview,Data science,Q2374463,100.0
Zeitview,Sustainable energy,Q1962383,100.0
Resolve,Virtual reality,Q170519,100.0
eBrandvalue,Data science,Q2374463,100.0
Transcriptic,Cloud computing,Q483639,100.0
Tara AI,Artificial intelligence,Q11660,100.0
Rigetti Computing,Quantum computing,Q17995793,100.0
Rigetti Computing,Robotics,Q170978,100.0
Checkr,Artificial intelligence,Q11660,100.0
SpringWit,Neurotechnology,Q3305355,100.0
Nightingale,Data science,Q2374463,100.0
SalesSift,Data science,Q2374463,100.0
Think Gaming,Data science,Q2374463,100.0
Tinker,Blockchain,Q20514253,100.0
Zen99,Cloud computing,Q483639,100.0
Zen99,Data science,Q2374463,100.0
Beep,Robotics,Q170978,100.0
Blockspring,Data science,Q2374463,100.0
Lawn Love,Data science,Q2374463,100.0
Protocol Labs,Blockchain,Q20514253,100.0
Alchemy,Nanotechnology,Q11468,100.0
Alchemy,Robotics,Q170978,100.0
Hiro Systems,Blockchain,Q20514253,100.0
PicnicHealth,Artificial intelligence,Q11660,100.0
PicnicHealth,Data science,Q2374463,100.0
Tenjin,Data science,Q2374463,100.0
Cruise,Artificial intelligence,Q11660,100.0
Bellabeat,Wearable technology,Q4845080,100.0
MixerBox,Artificial intelligence,Q11660,100.0
MadeSolid,3D printing,Q229367,100.0
MadeSolid,Robotics,Q170978,100.0
Liftigniter,Artificial intelligence,Q11660,100.0
Liftigniter,Data science,Q2374463,100.0
PipelineDB,Data science,Q2374463,100.0
Wit.ai,Artificial intelligence,Q11660,100.0
Framed Data,Data science,Q2374463,100.0
42,Data science,Q2374463,100.0
Meta,Augmented reality,Q254183,100.0
Meta,Virtual reality,Q170519,100.0
Ixiplay,Robotics,Q170978,100.0
Layer By Layer,3D printing,Q229367,100.0
North,Augmented reality,Q254183,100.0
North,Wearable technology,Q4845080,100.0
BeatDeck,Data science,Q2374463,100.0
Prophecy Sciences,Neurotechnology,Q3305355,100.0
Posmetrics,Data science,Q2374463,100.0
Airware,Cloud computing,Q483639,100.0
GrepData,Data science,Q2374463,100.0
Coin,Wearable technology,Q4845080,100.0
Scuba,Data science,Q2374463,100.0
DataNitro,Data science,Q2374463,100.0
Hiptype,Data science,Q2374463,100.0
FileStack,Data science,Q2374463,100.0
Collections,Cloud computing,Q483639,100.0
Dreamforge,3D printing,Q229367,100.0
Thread,Artificial intelligence,Q11660,100.0
OmniVirt,Virtual reality,Q170519,100.0
Streem,Cloud computing,Q483639,100.0
Mattermark,Data science,Q2374463,100.0
Mattermost,Cloud computing,Q483639,100.0
Upwave,Data science,Q2374463,100.0
Double Robotics,Robotics,Q170978,100.0
Martin,Artificial intelligence,Q11660,100.0
Vango AI,Artificial intelligence,Q11660,100.0
Sidenote,Artificial intelligence,Q11660,100.0
Saatvy,Artificial intelligence,Q11660,100.0
Line.Build,Sustainable energy,Q1962383,100.0
Chatter,Artificial intelligence,Q11660,100.0
HyLight,Data science,Q2374463,100.0
kapa.ai,Artificial intelligence,Q11660,100.0
Reworkd,Artificial intelligence,Q11660,100.0
Elyos Energy,Sustainable energy,Q1962383,100.0
Hyperbound,Artificial intelligence,Q11660,100.0
Deasie,Artificial intelligence,Q11660,100.0
Infobot,Artificial intelligence,Q11660,100.0
Magic Loops,Artificial intelligence,Q11660,100.0
Remy,Artificial intelligence,Q11660,100.0
Sohar Health,Artificial intelligence,Q11660,100.0
Readily,Artificial intelligence,Q11660,100.0
PropRise,Data science,Q2374463,100.0
Lifelike,Artificial intelligence,Q11660,100.0
Humanlike,Artificial intelligence,Q11660,100.0
Cascading AI,Artificial intelligence,Q11660,100.0
Cedana,Artificial intelligence,Q11660,100.0
Contour,Artificial intelligence,Q11660,100.0
Atla,Artificial intelligence,Q11660,100.0
Mandel AI,Artificial intelligence,Q11660,100.0
askLio,Artificial intelligence,Q11660,100.0
Talc,Artificial intelligence,Q11660,100.0
Tegon,Artificial intelligence,Q11660,100.0
Synch,Artificial intelligence,Q11660,100.0
SuperCraft,Artificial intelligence,Q11660,100.0
Empower,Artificial intelligence,Q11660,100.0
Spine AI,Artificial intelligence,Q11660,100.0
Parea,Artificial intelligence,Q11660,100.0
Kite,Artificial intelligence,Q11660,100.0
Obento Health,Artificial intelligence,Q11660,100.0
Arcimus,Artificial intelligence,Q11660,100.0
Corgea,Artificial intelligence,Q11660,100.0
Serra,Artificial intelligence,Q11660,100.0
Shasta Health,Artificial intelligence,Q11660,100.0
Health Harbor,Artificial intelligence,Q11660,100.0
Menza,Artificial intelligence,Q11660,100.0
Menza,Data science,Q2374463,100.0
Dialtone,Artificial intelligence,Q11660,100.0
Dialtone,Data science,Q2374463,100.0
Decoda Health,Artificial intelligence,Q11660,100.0
Skyvern,Artificial intelligence,Q11660,100.0
Cleancard,Artificial intelligence,Q11660,100.0
Epsilla,Artificial intelligence,Q11660,100.0
VetRec,Artificial intelligence,Q11660,100.0
Surface Labs,Data science,Q2374463,100.0
Maven Bio,Artificial intelligence,Q11660,100.0
Greenlite,Artificial intelligence,Q11660,100.0
Vizly,Artificial intelligence,Q11660,100.0
Vizly,Data science,Q2374463,100.0
MediSearch,Artificial intelligence,Q11660,100.0
Respaid,Artificial intelligence,Q11660,100.0
Glade,Artificial intelligence,Q11660,100.0
Quack AI,Artificial intelligence,Q11660,100.0
Pincites,Artificial intelligence,Q11660,100.0
sizeless,Artificial intelligence,Q11660,100.0
Studdy,Artificial intelligence,Q11660,100.0
Kobalt Labs,Artificial intelligence,Q11660,100.0
Crew,Artificial intelligence,Q11660,100.0
Khoj,Artificial intelligence,Q11660,100.0
Osium AI,Artificial intelligence,Q11660,100.0
CambioML,Data science,Q2374463,100.0
Inlet,Artificial intelligence,Q11660,100.0
Flint,Artificial intelligence,Q11660,100.0
Sola,Robotics,Q170978,100.0
Converge,Data science,Q2374463,100.0
Envelope,Artificial intelligence,Q11660,100.0
VectorShift,Artificial intelligence,Q11660,100.0
Baserun,Artificial intelligence,Q11660,100.0
Automorphic,Artificial intelligence,Q11660,100.0
Inari,Artificial intelligence,Q11660,100.0
Andromeda Surgical,Robotics,Q170978,100.0
Smoothspeak,Artificial intelligence,Q11660,100.0
sudocode,Artificial intelligence,Q11660,100.0
Sweep,Artificial intelligence,Q11660,100.0
Inventive AI,Artificial intelligence,Q11660,100.0
Elythea,Artificial intelligence,Q11660,100.0
Nanograb,Artificial intelligence,Q11660,100.0
Cedalio,Artificial intelligence,Q11660,100.0
Happyrobot,Artificial intelligence,Q11660,100.0
Certainly Health,Data science,Q2374463,100.0
Fiber AI,Artificial intelligence,Q11660,100.0
Finbox,Artificial intelligence,Q11660,100.0
Smobi,Data science,Q2374463,100.0
Quill AI,Artificial intelligence,Q11660,100.0
Cair Health,Artificial intelligence,Q11660,100.0
dili,Artificial intelligence,Q11660,100.0
FlowiseAI,Artificial intelligence,Q11660,100.0
AiSDR,Artificial intelligence,Q11660,100.0
Giga ML,Artificial intelligence,Q11660,100.0
Srcbook,3D printing,Q229367,100.0
Structured,Artificial intelligence,Q11660,100.0
innkeeper,Artificial intelligence,Q11660,100.0
Nowadays,Artificial intelligence,Q11660,100.0
Flair Health,Artificial intelligence,Q11660,100.0
Yuma AI,Artificial intelligence,Q11660,100.0
Pando Bioscience,Artificial intelligence,Q11660,100.0
Pierre,Artificial intelligence,Q11660,100.0
Automat,Artificial intelligence,Q11660,100.0
Automat,Robotics,Q170978,100.0
Blyss,Artificial intelligence,Q11660,100.0
Parabolic,Artificial intelligence,Q11660,100.0
OpenSight,Artificial intelligence,Q11660,100.0
Echo,Artificial intelligence,Q11660,100.0
Upfront,Artificial intelligence,Q11660,100.0
Fairway Health,Artificial intelligence,Q11660,100.0
Booth AI,Artificial intelligence,Q11660,100.0
Cardinal,Artificial intelligence,Q11660,100.0
AlphaWatch AI,Artificial intelligence,Q11660,100.0
AlphaWatch AI,Data science,Q2374463,100.0
Chima,Artificial intelligence,Q11660,100.0
Lavo Life Sciences,Artificial intelligence,Q11660,100.0
Unify,Artificial intelligence,Q11660,100.0
Sameday,Artificial intelligence,Q11660,100.0
Middleware,Artificial intelligence,Q11660,100.0
Middleware,Cloud computing,Q483639,100.0
Stack AI,Artificial intelligence,Q11660,100.0
Traceloop,Artificial intelligence,Q11660,100.0
Matano,Cloud computing,Q483639,100.0
Linum,Artificial intelligence,Q11660,100.0
Syncly,Artificial intelligence,Q11660,100.0
Credal.ai,Artificial intelligence,Q11660,100.0
Magic Patterns,Artificial intelligence,Q11660,100.0
Rollstack,Artificial intelligence,Q11660,100.0
SelectIQ,Artificial intelligence,Q11660,100.0
Paperplane,Artificial intelligence,Q11660,100.0
Pyq AI,Artificial intelligence,Q11660,100.0
Concourse,Artificial intelligence,Q11660,100.0
Indexical,Artificial intelligence,Q11660,100.0
Brewit,Artificial intelligence,Q11660,100.0
Brewit,Data science,Q2374463,100.0
Byterat,Data science,Q2374463,100.0
Pair AI,Artificial intelligence,Q11660,100.0
Salient,Artificial intelligence,Q11660,100.0
Dataglade,Artificial intelligence,Q11660,100.0
Cakework,Cloud computing,Q483639,100.0
OfOne,Artificial intelligence,Q11660,100.0
JustPaid.ai,Artificial intelligence,Q11660,100.0
LaunchFlow,Cloud computing,Q483639,100.0
PoplarML,Data science,Q2374463,100.0
GovEagle,Artificial intelligence,Q11660,100.0
CreatorML,Artificial intelligence,Q11660,100.0
Vooma,Robotics,Q170978,100.0
Neptyne,Artificial intelligence,Q11660,100.0
Neptyne,Data science,Q2374463,100.0
Scanbase,Artificial intelligence,Q11660,100.0
LinkGrep,Artificial intelligence,Q11660,100.0
Bluebirds,Artificial intelligence,Q11660,100.0
Cosine,Artificial intelligence,Q11660,100.0
Socap.ai,Artificial intelligence,Q11660,100.0
coil inc.,Artificial intelligence,Q11660,100.0
Dream3D,Artificial intelligence,Q11660,100.0
Codev,Artificial intelligence,Q11660,100.0
TruthSuite,Artificial intelligence,Q11660,100.0
Outerbase,Artificial intelligence,Q11660,100.0
Langfuse,Artificial intelligence,Q11660,100.0
Langfuse,Prompt engineering,Q108941486,100.0
Iliad,Artificial intelligence,Q11660,100.0
Floworks,Artificial intelligence,Q11660,100.0
Inkeep,Artificial intelligence,Q11660,100.0
ShortLoop,Artificial intelligence,Q11660,100.0
GradientJ,Artificial intelligence,Q11660,100.0
Wild Moose,Artificial intelligence,Q11660,100.0
EzDubs,Artificial intelligence,Q11660,100.0
BuildJet,Cloud computing,Q483639,100.0
TableFlow,Artificial intelligence,Q11660,100.0
Truewind,Artificial intelligence,Q11660,100.0
Magicflow ð,Artificial intelligence,Q11660,100.0
Rainmaker,Blockchain,Q20514253,100.0
Helicone,Artificial intelligence,Q11660,100.0
Ariglad,Artificial intelligence,Q11660,100.0
222,Artificial intelligence,Q11660,100.0
Fintool,Artificial intelligence,Q11660,100.0
FiddleCube,Artificial intelligence,Q11660,100.0
Defog.ai,Artificial intelligence,Q11660,100.0
Defog.ai,Data science,Q2374463,100.0
Sage AI,Artificial intelligence,Q11660,100.0
Boundary,Artificial intelligence,Q11660,100.0
Boundary,Prompt engineering,Q108941486,100.0
Technician,Artificial intelligence,Q11660,100.0
Hadrius,Artificial intelligence,Q11660,100.0
Sherloq,Artificial intelligence,Q11660,100.0
Hippo Scribe,Artificial intelligence,Q11660,100.0
Finic,Artificial intelligence,Q11660,100.0
Finic,Cloud computing,Q483639,100.0
Koywe,Blockchain,Q20514253,100.0
nunu.ai,Artificial intelligence,Q11660,100.0
UpTrain AI,Artificial intelligence,Q11660,100.0
UpTrain AI,Data science,Q2374463,100.0
SuperKalam,Artificial intelligence,Q11660,100.0
Clueso,Artificial intelligence,Q11660,100.0
Retape,Artificial intelligence,Q11660,100.0
Coldreach,Artificial intelligence,Q11660,100.0
Diffuse Bio,Artificial intelligence,Q11660,100.0
inBuild,Artificial intelligence,Q11660,100.0
Muffin Data,Data science,Q2374463,100.0
Epsilon,Artificial intelligence,Q11660,100.0
Pylon,Artificial intelligence,Q11660,100.0
PlayHT,Artificial intelligence,Q11660,100.0
Turntable,Data science,Q2374463,100.0
Swishjam,Data science,Q2374463,100.0
DAGWorks Inc.,Artificial intelligence,Q11660,100.0
Hindsight,Artificial intelligence,Q11660,100.0
Decohere,Artificial intelligence,Q11660,100.0
Vellum,Prompt engineering,Q108941486,100.0
Vocode,Artificial intelligence,Q11660,100.0
Fabius,Artificial intelligence,Q11660,100.0
Edge,Artificial intelligence,Q11660,100.0
Adventris Pharmaceuticals,Cancer vaccine,Q2378309,100.0
Vector,Artificial intelligence,Q11660,100.0
Texel.ai,Artificial intelligence,Q11660,100.0
AiFlow,Artificial intelligence,Q11660,100.0
Metal,Artificial intelligence,Q11660,100.0
Keeling Labs,Data science,Q2374463,100.0
Keeling Labs,Sustainable energy,Q1962383,100.0
Koala Ops,Cloud computing,Q483639,100.0
Modulari-T,Gene therapy,Q213901,100.0
Modulari-T,Stem-cell therapy,Q1533033,100.0
Kyber,Artificial intelligence,Q11660,100.0
Persana AI,Artificial intelligence,Q11660,100.0
Lightski,Artificial intelligence,Q11660,100.0
BerriAI,Artificial intelligence,Q11660,100.0
Theya,Blockchain,Q20514253,100.0
Terrace,Blockchain,Q20514253,100.0
Polymath Robotics,Artificial intelligence,Q11660,100.0
Polymath Robotics,Robotics,Q170978,100.0
Ping,Blockchain,Q20514253,100.0
Weltio,Blockchain,Q20514253,100.0
Mercator,Artificial intelligence,Q11660,100.0
Mercator,Data science,Q2374463,100.0
Penguin AI,Artificial intelligence,Q11660,100.0
ilumadata,Data science,Q2374463,100.0
Ordinary Seafood,Sustainable energy,Q1962383,100.0
Payfura,Blockchain,Q20514253,100.0
Sonnet,Artificial intelligence,Q11660,100.0
SilkChart,Data science,Q2374463,100.0
Keylika,Artificial intelligence,Q11660,100.0
Keylika,Wearable technology,Q4845080,100.0
TigerEye,Data science,Q2374463,100.0
Poly,Artificial intelligence,Q11660,100.0
Layerup,Artificial intelligence,Q11660,100.0
Wolfia,Artificial intelligence,Q11660,100.0
Airtrain AI,Artificial intelligence,Q11660,100.0
SolStar,Blockchain,Q20514253,100.0
Paces,Artificial intelligence,Q11660,100.0
Dialect,Artificial intelligence,Q11660,100.0
Julius,Data science,Q2374463,100.0
Ciro,Artificial intelligence,Q11660,100.0
Truva,Artificial intelligence,Q11660,100.0
Two Dots,Artificial intelligence,Q11660,100.0
Stackup,Blockchain,Q20514253,100.0
Superpowered AI,Artificial intelligence,Q11660,100.0
Makeasite,Artificial intelligence,Q11660,100.0
Bunting Labs,Artificial intelligence,Q11660,100.0
erad,Data science,Q2374463,100.0
Boundo,Artificial intelligence,Q11660,100.0
trebu,Artificial intelligence,Q11660,100.0
Paragon AI,Artificial intelligence,Q11660,100.0
EthosX,Blockchain,Q20514253,100.0
NuMind,Data science,Q2374463,100.0
Lyra,Blockchain,Q20514253,100.0
IvyCheck,Artificial intelligence,Q11660,100.0
Tranch,Blockchain,Q20514253,100.0
Overwatch,Artificial intelligence,Q11660,100.0
Juicebox,Artificial intelligence,Q11660,100.0
Apply Design,Artificial intelligence,Q11660,100.0
Phind,Artificial intelligence,Q11660,100.0
Hype,Blockchain,Q20514253,100.0
Namecard.ai,Artificial intelligence,Q11660,100.0
Flair Labs,Artificial intelligence,Q11660,100.0
Hedgehog,Robotics,Q170978,100.0
AviaryAI,Artificial intelligence,Q11660,100.0
Pluralith,Cloud computing,Q483639,100.0
FlyCode,Artificial intelligence,Q11660,100.0
iollo,Artificial intelligence,Q11660,100.0
Maya Labs,Artificial intelligence,Q11660,100.0
Fini,Artificial intelligence,Q11660,100.0
Grai,Data science,Q2374463,100.0
Argovox,Artificial intelligence,Q11660,100.0
Unthread,Artificial intelligence,Q11660,100.0
Findly,Artificial intelligence,Q11660,100.0
HOMLI,Artificial intelligence,Q11660,100.0
PrimeVault,Blockchain,Q20514253,100.0
Delight,Artificial intelligence,Q11660,100.0
Firecrawl,Artificial intelligence,Q11660,100.0
UpLink,Data science,Q2374463,100.0
Jasmine Energy,Sustainable energy,Q1962383,100.0
Lancey,Data science,Q2374463,100.0
Monterey AI,Artificial intelligence,Q11660,100.0
Sculpt,Artificial intelligence,Q11660,100.0
Knowtex,Artificial intelligence,Q11660,100.0
Delfino AI,Artificial intelligence,Q11660,100.0
CAPSULE,Artificial intelligence,Q11660,100.0
CAPSULE,Data science,Q2374463,100.0
Cambio,Artificial intelligence,Q11660,100.0
Intuned,Cloud computing,Q483639,100.0
SimpleHash,Blockchain,Q20514253,100.0
Massdriver,Cloud computing,Q483639,100.0
Reality Defender,Artificial intelligence,Q11660,100.0
Reality Defender,Data science,Q2374463,100.0
Pelm,Sustainable energy,Q1962383,100.0
Bifrost,Blockchain,Q20514253,100.0
Suggestr,Data science,Q2374463,100.0
Botin,Blockchain,Q20514253,100.0
Nara,Artificial intelligence,Q11660,100.0
Instalab,Artificial intelligence,Q11660,100.0
Nira Energy,Sustainable energy,Q1962383,100.0
Optery,Data science,Q2374463,100.0
AstroForge,Robotics,Q170978,100.0
Redbird,Data science,Q2374463,100.0
Strac,Artificial intelligence,Q11660,100.0
Strac,Blockchain,Q20514253,100.0
Moots AI,Artificial intelligence,Q11660,100.0
Trellus,Artificial intelligence,Q11660,100.0
Rosebud Biosciences,Artificial intelligence,Q11660,100.0
PromptLoop,Artificial intelligence,Q11660,100.0
PromptLoop,Data science,Q2374463,100.0
Engage Bio,Cancer vaccine,Q2378309,100.0
Shinkei Systems,Robotics,Q170978,100.0
FlowDeploy,Data science,Q2374463,100.0
Perl Street,Sustainable energy,Q1962383,100.0
Axross Pte Ltd,Sustainable energy,Q1962383,100.0
Sarus,Data science,Q2374463,100.0
Nyckel,Data science,Q2374463,100.0
Gym Class - by IRL Studios,Augmented reality,Q254183,100.0
Gym Class - by IRL Studios,Virtual reality,Q170519,100.0
Industrial Next,Artificial intelligence,Q11660,100.0
Industrial Next,Robotics,Q170978,100.0
Invert,Data science,Q2374463,100.0
Vendoo,Data science,Q2374463,100.0
HypaHub,Cloud computing,Q483639,100.0
HypaHub,Data science,Q2374463,100.0
Bobidi,Artificial intelligence,Q11660,100.0
Dioptra,Artificial intelligence,Q11660,100.0
Ankr Health,Artificial intelligence,Q11660,100.0
Sivi,Artificial intelligence,Q11660,100.0
haddock,Artificial intelligence,Q11660,100.0
Criya,Artificial intelligence,Q11660,100.0
Fintelite,Data science,Q2374463,100.0
Cerebrium,Cloud computing,Q483639,100.0
Lexter.ai,Artificial intelligence,Q11660,100.0
Rehook.ai,Artificial intelligence,Q11660,100.0
Versable,Data science,Q2374463,100.0
Dart,Artificial intelligence,Q11660,100.0
Emobi,Artificial intelligence,Q11660,100.0
Reforged Labs,Artificial intelligence,Q11660,100.0
RedBrick AI,Artificial intelligence,Q11660,100.0
Sphere,Artificial intelligence,Q11660,100.0
IOMETE,Data science,Q2374463,100.0
SkyLink,Artificial intelligence,Q11660,100.0
Siftly,Artificial intelligence,Q11660,100.0
Tuva Health,Data science,Q2374463,100.0
Velt,Augmented reality,Q254183,100.0
Toko,Artificial intelligence,Q11660,100.0
LunaJoy,Data science,Q2374463,100.0
Curacel,Artificial intelligence,Q11660,100.0
Livedocs,Data science,Q2374463,100.0
Cera,Blockchain,Q20514253,100.0
Strong Compute,Artificial intelligence,Q11660,100.0
"Sendme, Inc",Cultured meat,Q611909,100.0
Campfire (applied AI company),Artificial intelligence,Q11660,100.0
Trackingplan,Data science,Q2374463,100.0
BotCity,Artificial intelligence,Q11660,100.0
BotCity,Robotics,Q170978,100.0
Nullstone,Cloud computing,Q483639,100.0
Lifecast,Robotics,Q170978,100.0
Vimmerse,Artificial intelligence,Q11660,100.0
mutable.ai,Artificial intelligence,Q11660,100.0
Theneo,Artificial intelligence,Q11660,100.0
Ponyrun,Artificial intelligence,Q11660,100.0
Top Road,Artificial intelligence,Q11660,100.0
IoTFlows Inc,Artificial intelligence,Q11660,100.0
UNISON,Augmented reality,Q254183,100.0
UNISON,Virtual reality,Q170519,100.0
Nophin,Artificial intelligence,Q11660,100.0
ngrow.ai,Artificial intelligence,Q11660,100.0
Shaped,Artificial intelligence,Q11660,100.0
Ploomber,Artificial intelligence,Q11660,100.0
Tuesday,Artificial intelligence,Q11660,100.0
Humand,Artificial intelligence,Q11660,100.0
Glow Energy,Sustainable energy,Q1962383,100.0
Glow Energy,Virtual reality,Q170519,100.0
Codec,Artificial intelligence,Q11660,100.0
AYC Fund,Blockchain,Q20514253,100.0
Darsel,Artificial intelligence,Q11660,100.0
Cashmere,Blockchain,Q20514253,100.0
Query Vary,Artificial intelligence,Q11660,100.0
Impossible Metals,Robotics,Q170978,100.0
Poko,Blockchain,Q20514253,100.0
GovDash,Artificial intelligence,Q11660,100.0
Pina Earth,Data science,Q2374463,100.0
EasyCode,Artificial intelligence,Q11660,100.0
Eventual,Cloud computing,Q483639,100.0
Eventual,Data science,Q2374463,100.0
AiSupervision,Robotics,Q170978,100.0
Revolve Surgical,Robotics,Q170978,100.0
Sully.ai,Artificial intelligence,Q11660,100.0
Hedgehog,Blockchain,Q20514253,100.0
Buzzle,Artificial intelligence,Q11660,100.0
Buzzle,Data science,Q2374463,100.0
Buzzle,Robotics,Q170978,100.0
Scratch Data,Data science,Q2374463,100.0
Elto,Artificial intelligence,Q11660,100.0
MarqVision,Artificial intelligence,Q11660,100.0
Satsuma,Blockchain,Q20514253,100.0
Openlayer,Artificial intelligence,Q11660,100.0
Talus Bio,Data science,Q2374463,100.0
Mindstate Design Labs,Artificial intelligence,Q11660,100.0
Varos,Data science,Q2374463,100.0
Potion,Artificial intelligence,Q11660,100.0
Jestor,Artificial intelligence,Q11660,100.0
Flow Club,Virtual reality,Q170519,100.0
Replo,Artificial intelligence,Q11660,100.0
FirstQuadrant,Artificial intelligence,Q11660,100.0
DolarApp,Blockchain,Q20514253,100.0
SolarMente,Sustainable energy,Q1962383,100.0
Catena Biosciences,Gene therapy,Q213901,100.0
RenderNet,Artificial intelligence,Q11660,100.0
Zeit Medical,Wearable technology,Q4845080,100.0
Instacrops,Data science,Q2374463,100.0
Parallel Bio,Artificial intelligence,Q11660,100.0
Rivia.AI,Artificial intelligence,Q11660,100.0
MobileBoost,Artificial intelligence,Q11660,100.0
SnapCalorie,Artificial intelligence,Q11660,100.0
Patterns,Data science,Q2374463,100.0
Tavus,Artificial intelligence,Q11660,100.0
Tavus,Digital twin,Q25099680,100.0
SafeBeat,Artificial intelligence,Q11660,100.0
SafeBeat,Data science,Q2374463,100.0
SafeBeat,Wearable technology,Q4845080,100.0
HyperTrader,Blockchain,Q20514253,100.0
Sentiyen,Artificial intelligence,Q11660,100.0
Jovian,Artificial intelligence,Q11660,100.0
Govly,Data science,Q2374463,100.0
Muse,Augmented reality,Q254183,100.0
Muse,Virtual reality,Q170519,100.0
Enso,Data science,Q2374463,100.0
DigiBuild,Artificial intelligence,Q11660,100.0
Cero,Artificial intelligence,Q11660,100.0
WarpBuild,Artificial intelligence,Q11660,100.0
LootRush,Blockchain,Q20514253,100.0
Scispot,Artificial intelligence,Q11660,100.0
Scispot,Data science,Q2374463,100.0
Infiuss Health,Data science,Q2374463,100.0
Coinrule,Blockchain,Q20514253,100.0
Dot,Artificial intelligence,Q11660,100.0
ShipBlu,Artificial intelligence,Q11660,100.0
ShipBlu,Data science,Q2374463,100.0
CoLoop,Artificial intelligence,Q11660,100.0
Zoios.,Data science,Q2374463,100.0
Freterium,Cloud computing,Q483639,100.0
Harmonic Discovery,Artificial intelligence,Q11660,100.0
Zensors,Data science,Q2374463,100.0
Makani Science,Data science,Q2374463,100.0
Makani Science,Wearable technology,Q4845080,100.0
Evidently AI,Data science,Q2374463,100.0
Whaly,Data science,Q2374463,100.0
Marble,Artificial intelligence,Q11660,100.0
Adaptyv Biosystems,Artificial intelligence,Q11660,100.0
Adaptyv Biosystems,Nanotechnology,Q11468,100.0
Spark Studio,Artificial intelligence,Q11660,100.0
outloud.ai,Artificial intelligence,Q11660,100.0
Matrubials,Artificial intelligence,Q11660,100.0
Writesonic,Artificial intelligence,Q11660,100.0
RMFG,Robotics,Q170978,100.0
Mach9,Artificial intelligence,Q11660,100.0
Mach9,Data science,Q2374463,100.0
Revery AI,Artificial intelligence,Q11660,100.0
Tenyks,Cloud computing,Q483639,100.0
Telmai,Artificial intelligence,Q11660,100.0
Genomelink,Data science,Q2374463,100.0
Infer,Artificial intelligence,Q11660,100.0
Output Biosciences,Artificial intelligence,Q11660,100.0
CellChorus,Artificial intelligence,Q11660,100.0
Opkit,Artificial intelligence,Q11660,100.0
Squire.ai,Artificial intelligence,Q11660,100.0
Bytebot,Artificial intelligence,Q11660,100.0
Adra,Artificial intelligence,Q11660,100.0
Adra,Data science,Q2374463,100.0
Medium Biosciences,Artificial intelligence,Q11660,100.0
Luminate Medical,Wearable technology,Q4845080,100.0
VedaBio,Gene therapy,Q213901,100.0
GamerPay,Blockchain,Q20514253,100.0
HEO Robotics,Robotics,Q170978,100.0
Charge Robotics,Robotics,Q170978,100.0
Lightly,Artificial intelligence,Q11660,100.0
Flux,Blockchain,Q20514253,100.0
eqtble,Data science,Q2374463,100.0
Ollama,Artificial intelligence,Q11660,100.0
SBX Robotics,Artificial intelligence,Q11660,100.0
SBX Robotics,Robotics,Q170978,100.0
Platypus,Artificial intelligence,Q11660,100.0
Launcher Labs,Blockchain,Q20514253,100.0
ClipDrop,Data science,Q2374463,100.0
Roin Technologies,Robotics,Q170978,100.0
Verak,Data science,Q2374463,100.0
Enable Us,Artificial intelligence,Q11660,100.0
inBalance,Data science,Q2374463,100.0
PipeBio,Artificial intelligence,Q11660,100.0
PipeBio,Data science,Q2374463,100.0
Atomic Industries,Robotics,Q170978,100.0
Pibit.ai,Artificial intelligence,Q11660,100.0
Flux Auto,Robotics,Q170978,100.0
Wyndly,Cancer vaccine,Q2378309,100.0
Pragmatic Leaders (Ankai Inc),Artificial intelligence,Q11660,100.0
Segments.ai,Artificial intelligence,Q11660,100.0
Segments.ai,Robotics,Q170978,100.0
Axiom.ai,Artificial intelligence,Q11660,100.0
Axiom.ai,Robotics,Q170978,100.0
Javelin Robotics,Artificial intelligence,Q11660,100.0
Javelin Robotics,Robotics,Q170978,100.0
Promoted.ai,Artificial intelligence,Q11660,100.0
Parsagon,Artificial intelligence,Q11660,100.0
Dashlabs.ai,Artificial intelligence,Q11660,100.0
Mindee,Artificial intelligence,Q11660,100.0
Pangea.app,Artificial intelligence,Q11660,100.0
Care Weather,Data science,Q2374463,100.0
True3D,Artificial intelligence,Q11660,100.0
Hermes Robotics,Robotics,Q170978,100.0
FirstSupport.ai,Artificial intelligence,Q11660,100.0
Greywing,Data science,Q2374463,100.0
Datrics,Artificial intelligence,Q11660,100.0
Datrics,Data science,Q2374463,100.0
Veera Health,Data science,Q2374463,100.0
Darrow,Data science,Q2374463,100.0
QuickNode,Blockchain,Q20514253,100.0
TRACTIAN,Artificial intelligence,Q11660,100.0
Simplify,Artificial intelligence,Q11660,100.0
Striga,Blockchain,Q20514253,100.0
unSurvey,Artificial intelligence,Q11660,100.0
ZOKO,Artificial intelligence,Q11660,100.0
BotBuilt,Robotics,Q170978,100.0
Biodock,Cloud computing,Q483639,100.0
Venu AI,Artificial intelligence,Q11660,100.0
Lamar Health,Artificial intelligence,Q11660,100.0
Compose.ai,Artificial intelligence,Q11660,100.0
Soraban,Artificial intelligence,Q11660,100.0
Lunatic,WebAssembly,Q20155677,100.0
Vue Storefront,Cloud computing,Q483639,100.0
GreaseBoss,Robotics,Q170978,100.0
Dataherald,Artificial intelligence,Q11660,100.0
Rejoy Health,Artificial intelligence,Q11660,100.0
Mystic,Cloud computing,Q483639,100.0
Moonvalley,Artificial intelligence,Q11660,100.0
Moonvalley,Augmented reality,Q254183,100.0
Waydev,Artificial intelligence,Q11660,100.0
Reshape Biotech,Robotics,Q170978,100.0
Terra API,Wearable technology,Q4845080,100.0
SiPhox Health,Wearable technology,Q4845080,100.0
RTCanary,Augmented reality,Q254183,100.0
Atomized,Cloud computing,Q483639,100.0
Aquarium Learning,Artificial intelligence,Q11660,100.0
Bandit ML,Data science,Q2374463,100.0
Known Medicine,Artificial intelligence,Q11660,100.0
Photoroom,Artificial intelligence,Q11660,100.0
Porter,Cloud computing,Q483639,100.0
Recurrency,Artificial intelligence,Q11660,100.0
inFeedo AI,Artificial intelligence,Q11660,100.0
Roboflow,Artificial intelligence,Q11660,100.0
Datafold,Data science,Q2374463,100.0
"Zitara Technologies, Inc.",Sustainable energy,Q1962383,100.0
Hypotenuse AI,Artificial intelligence,Q11660,100.0
Swif.ai,Artificial intelligence,Q11660,100.0
Humanloop,Artificial intelligence,Q11660,100.0
Humanloop,Prompt engineering,Q108941486,100.0
Osmind,Data science,Q2374463,100.0
Nextera Robotics,Robotics,Q170978,100.0
Nabla Bio,Artificial intelligence,Q11660,100.0
Tydo,Data science,Q2374463,100.0
Notabene,Blockchain,Q20514253,100.0
Liyfe,Artificial intelligence,Q11660,100.0
Mito,Data science,Q2374463,100.0
DraftWise,Artificial intelligence,Q11660,100.0
AI.Fashion,Artificial intelligence,Q11660,100.0
"MedPiper Technologies, Inc",Data science,Q2374463,100.0
Glimpse,Artificial intelligence,Q11660,100.0
Teevox,Artificial intelligence,Q11660,100.0
View3,Robotics,Q170978,100.0
Octopart,Robotics,Q170978,100.0
Scribd,Artificial intelligence,Q11660,100.0
Hello Chair,Data science,Q2374463,100.0
CO2Stats,Sustainable energy,Q1962383,100.0
Cloudant,Data science,Q2374463,100.0
JustSpotted,Data science,Q2374463,100.0
Wakemate,Data science,Q2374463,100.0
RentHop,Data science,Q2374463,100.0
Mixpanel,Data science,Q2374463,100.0
Marft,Data science,Q2374463,100.0
Zillabyte,Cloud computing,Q483639,100.0
Ridecell,Artificial intelligence,Q11660,100.0
Rescale,Cloud computing,Q483639,100.0
CircuitHub,Robotics,Q170978,100.0
Matterport,Augmented reality,Q254183,100.0
Matterport,Cloud computing,Q483639,100.0
Matterport,Spatial computing,Q85802496,100.0
Matterport,Virtual reality,Q170519,100.0
Insight Data Science,Data science,Q2374463,100.0
Chartio,Data science,Q2374463,100.0
Parse,Data science,Q2374463,100.0
Cloudkick,Cloud computing,Q483639,100.0
Freshplum,Data science,Q2374463,100.0
Citus Data,Data science,Q2374463,100.0
LeadGenius,Artificial intelligence,Q11660,100.0
